Observation,Data_Marking,Observation_Type_Value,Dimension_Hierarchy_1,Dimension_Name_1,Dimension_Value_1,Dimension_Hierarchy_2,Dimension_Name_2,Dimension_Value_2,Dimension_Hierarchy_3,Dimension_Name_3,Dimension_Value_3,Dimension_Hierarchy_4,Dimension_Name_4,Dimension_Value_4
36929,,,2011STATH,Geographic_Area,K04000001,time,Year,2014,CL_0001480,NACE,CI_0000072,CL_0000737,Prodcom Elements,CI_0021509
2229725,,,2011STATH,Geographic_Area,K04000001,time,Year,2014,CL_0001480,NACE,CI_0000072,CL_0000737,Prodcom Elements,CI_0021510
2266654,,,2011STATH,Geographic_Area,K04000001,time,Year,2014,CL_0001480,NACE,CI_0000072,CL_0000737,Prodcom Elements,CI_0021511
3404,,,2011STATH,Geographic_Area,K04000001,time,Year,2014,CL_0001480,NACE,CI_0000072,CL_0000737,Prodcom Elements,CI_0021512
4333,,,2011STATH,Geographic_Area,K04000001,time,Year,2014,CL_0001480,NACE,CI_0000072,CL_0000737,Prodcom Elements,CI_0021513
766,,,2011STATH,Geographic_Area,K04000001,time,Year,2014,CL_0001480,NACE,CI_0000072,CL_0000737,Prodcom Elements,CI_0021514
96526,,,2011STATH,Geographic_Area,K04000001,time,Year,2014,CL_0001480,NACE,CI_0000072,CL_0000737,Prodcom Elements,CI_0021515
-1917072,,,2011STATH,Geographic_Area,K04000001,time,Year,2014,CL_0001480,NACE,CI_0000072,CL_0000737,Prodcom Elements,CI_0021516
454610,,,2011STATH,Geographic_Area,K04000001,time,Year,2014,CL_0001480,NACE,CI_0000072,CL_0000737,Prodcom Elements,CI_0021517
19617,,,2011STATH,Geographic_Area,K04000001,time,Year,2014,CL_0001480,NACE,CI_0013924,CL_0000737,Prodcom Elements,CI_0021509
0,,,2011STATH,Geographic_Area,K04000001,time,Year,2014,CL_0001480,NACE,CI_0013924,CL_0000737,Prodcom Elements,CI_0021514
133127,,,2011STATH,Geographic_Area,K04000001,time,Year,2014,CL_0001480,NACE,CI_0013924,CL_0000737,Prodcom Elements,CI_0021516
17312,,,2011STATH,Geographic_Area,K04000001,time,Year,2014,CL_0001480,NACE,CI_0013930,CL_0000737,Prodcom Elements,CI_0021509
3176,,,2011STATH,Geographic_Area,K04000001,time,Year,2014,CL_0001480,NACE,CI_0013930,CL_0000737,Prodcom Elements,CI_0021513
0,,,2011STATH,Geographic_Area,K04000001,time,Year,2014,CL_0001480,NACE,CI_0013930,CL_0000737,Prodcom Elements,CI_0021514
2071,,,2011STATH,Geographic_Area,K04000001,time,Year,2014,CL_0001480,NACE,CI_0013930,CL_0000737,Prodcom Elements,CI_0021515
-22730,,,2011STATH,Geographic_Area,K04000001,time,Year,2014,CL_0001480,NACE,CI_0013930,CL_0000737,Prodcom Elements,CI_0021516
20895,,,2011STATH,Geographic_Area,K04000001,time,Year,2014,CL_0001480,NACE,CI_0013930,CL_0000737,Prodcom Elements,CI_0021517
62831139,,,2011STATH,Geographic_Area,K04000001,time,Year,2014,CL_0001480,NACE,CI_0000363,CL_0000737,Prodcom Elements,CI_0021509
5014859,,,2011STATH,Geographic_Area,K04000001,time,Year,2014,CL_0001480,NACE,CI_0000363,CL_0000737,Prodcom Elements,CI_0021510
67845998,,,2011STATH,Geographic_Area,K04000001,time,Year,2014,CL_0001480,NACE,CI_0000363,CL_0000737,Prodcom Elements,CI_0021511
6203387,,,2011STATH,Geographic_Area,K04000001,time,Year,2014,CL_0001480,NACE,CI_0000363,CL_0000737,Prodcom Elements,CI_0021512
709320,,,2011STATH,Geographic_Area,K04000001,time,Year,2014,CL_0001480,NACE,CI_0000363,CL_0000737,Prodcom Elements,CI_0021513
214612,,,2011STATH,Geographic_Area,K04000001,time,Year,2014,CL_0001480,NACE,CI_0000363,CL_0000737,Prodcom Elements,CI_0021514
710740,,,2011STATH,Geographic_Area,K04000001,time,Year,2014,CL_0001480,NACE,CI_0000363,CL_0000737,Prodcom Elements,CI_0021515
1377125,,,2011STATH,Geographic_Area,K04000001,time,Year,2014,CL_0001480,NACE,CI_0000363,CL_0000737,Prodcom Elements,CI_0021516
77061182,,,2011STATH,Geographic_Area,K04000001,time,Year,2014,CL_0001480,NACE,CI_0000363,CL_0000737,Prodcom Elements,CI_0021517
6588782,,,2011STATH,Geographic_Area,K04000001,time,Year,2014,CL_0001480,NACE,CI_0008168,CL_0000737,Prodcom Elements,CI_0021509
6988,,,2011STATH,Geographic_Area,K04000001,time,Year,2014,CL_0001480,NACE,CI_0008168,CL_0000737,Prodcom Elements,CI_0021510
6595769,,,2011STATH,Geographic_Area,K04000001,time,Year,2014,CL_0001480,NACE,CI_0008168,CL_0000737,Prodcom Elements,CI_0021511
73077,,,2011STATH,Geographic_Area,K04000001,time,Year,2014,CL_0001480,NACE,CI_0008168,CL_0000737,Prodcom Elements,CI_0021512
40514,,,2011STATH,Geographic_Area,K04000001,time,Year,2014,CL_0001480,NACE,CI_0008168,CL_0000737,Prodcom Elements,CI_0021513
9620,,,2011STATH,Geographic_Area,K04000001,time,Year,2014,CL_0001480,NACE,CI_0008168,CL_0000737,Prodcom Elements,CI_0021514
14832,,,2011STATH,Geographic_Area,K04000001,time,Year,2014,CL_0001480,NACE,CI_0008168,CL_0000737,Prodcom Elements,CI_0021515
249383,,,2011STATH,Geographic_Area,K04000001,time,Year,2014,CL_0001480,NACE,CI_0008168,CL_0000737,Prodcom Elements,CI_0021516
6983196,,,2011STATH,Geographic_Area,K04000001,time,Year,2014,CL_0001480,NACE,CI_0008168,CL_0000737,Prodcom Elements,CI_0021517
3605372,,,2011STATH,Geographic_Area,K04000001,time,Year,2014,CL_0001480,NACE,CI_0008197,CL_0000737,Prodcom Elements,CI_0021509
106247,,,2011STATH,Geographic_Area,K04000001,time,Year,2014,CL_0001480,NACE,CI_0008197,CL_0000737,Prodcom Elements,CI_0021510
3711619,,,2011STATH,Geographic_Area,K04000001,time,Year,2014,CL_0001480,NACE,CI_0008197,CL_0000737,Prodcom Elements,CI_0021511
230009,,,2011STATH,Geographic_Area,K04000001,time,Year,2014,CL_0001480,NACE,CI_0008197,CL_0000737,Prodcom Elements,CI_0021512
2459,,,2011STATH,Geographic_Area,K04000001,time,Year,2014,CL_0001480,NACE,CI_0008197,CL_0000737,Prodcom Elements,CI_0021513
18172,,,2011STATH,Geographic_Area,K04000001,time,Year,2014,CL_0001480,NACE,CI_0008197,CL_0000737,Prodcom Elements,CI_0021514
67687,,,2011STATH,Geographic_Area,K04000001,time,Year,2014,CL_0001480,NACE,CI_0008197,CL_0000737,Prodcom Elements,CI_0021515
509093,,,2011STATH,Geographic_Area,K04000001,time,Year,2014,CL_0001480,NACE,CI_0008197,CL_0000737,Prodcom Elements,CI_0021516
4539038,,,2011STATH,Geographic_Area,K04000001,time,Year,2014,CL_0001480,NACE,CI_0008197,CL_0000737,Prodcom Elements,CI_0021517
5443389,,,2011STATH,Geographic_Area,K04000001,time,Year,2014,CL_0001480,NACE,CI_0008219,CL_0000737,Prodcom Elements,CI_0021509
32760,,,2011STATH,Geographic_Area,K04000001,time,Year,2014,CL_0001480,NACE,CI_0008219,CL_0000737,Prodcom Elements,CI_0021510
5476148,,,2011STATH,Geographic_Area,K04000001,time,Year,2014,CL_0001480,NACE,CI_0008219,CL_0000737,Prodcom Elements,CI_0021511
190916,,,2011STATH,Geographic_Area,K04000001,time,Year,2014,CL_0001480,NACE,CI_0008219,CL_0000737,Prodcom Elements,CI_0021512
444,,,2011STATH,Geographic_Area,K04000001,time,Year,2014,CL_0001480,NACE,CI_0008219,CL_0000737,Prodcom Elements,CI_0021513
3001,,,2011STATH,Geographic_Area,K04000001,time,Year,2014,CL_0001480,NACE,CI_0008219,CL_0000737,Prodcom Elements,CI_0021514
4608,,,2011STATH,Geographic_Area,K04000001,time,Year,2014,CL_0001480,NACE,CI_0008219,CL_0000737,Prodcom Elements,CI_0021515
87333,,,2011STATH,Geographic_Area,K04000001,time,Year,2014,CL_0001480,NACE,CI_0008219,CL_0000737,Prodcom Elements,CI_0021516
5762450,,,2011STATH,Geographic_Area,K04000001,time,Year,2014,CL_0001480,NACE,CI_0008219,CL_0000737,Prodcom Elements,CI_0021517
2097829,,,2011STATH,Geographic_Area,K04000001,time,Year,2014,CL_0001480,NACE,CI_0000845,CL_0000737,Prodcom Elements,CI_0021509
126350,,,2011STATH,Geographic_Area,K04000001,time,Year,2014,CL_0001480,NACE,CI_0000845,CL_0000737,Prodcom Elements,CI_0021510
2224180,,,2011STATH,Geographic_Area,K04000001,time,Year,2014,CL_0001480,NACE,CI_0000845,CL_0000737,Prodcom Elements,CI_0021511
163003,,,2011STATH,Geographic_Area,K04000001,time,Year,2014,CL_0001480,NACE,CI_0000845,CL_0000737,Prodcom Elements,CI_0021512
12731,,,2011STATH,Geographic_Area,K04000001,time,Year,2014,CL_0001480,NACE,CI_0000845,CL_0000737,Prodcom Elements,CI_0021513
5067,,,2011STATH,Geographic_Area,K04000001,time,Year,2014,CL_0001480,NACE,CI_0000845,CL_0000737,Prodcom Elements,CI_0021514
26502,,,2011STATH,Geographic_Area,K04000001,time,Year,2014,CL_0001480,NACE,CI_0000845,CL_0000737,Prodcom Elements,CI_0021515
303970,,,2011STATH,Geographic_Area,K04000001,time,Year,2014,CL_0001480,NACE,CI_0000845,CL_0000737,Prodcom Elements,CI_0021516
2735453,,,2011STATH,Geographic_Area,K04000001,time,Year,2014,CL_0001480,NACE,CI_0000845,CL_0000737,Prodcom Elements,CI_0021517
1124354,,,2011STATH,Geographic_Area,K04000001,time,Year,2014,CL_0001480,NACE,CI_0000883,CL_0000737,Prodcom Elements,CI_0021509
87506,,,2011STATH,Geographic_Area,K04000001,time,Year,2014,CL_0001480,NACE,CI_0000883,CL_0000737,Prodcom Elements,CI_0021510
1211860,,,2011STATH,Geographic_Area,K04000001,time,Year,2014,CL_0001480,NACE,CI_0000883,CL_0000737,Prodcom Elements,CI_0021511
2059,,,2011STATH,Geographic_Area,K04000001,time,Year,2014,CL_0001480,NACE,CI_0000883,CL_0000737,Prodcom Elements,CI_0021514
-327835,,,2011STATH,Geographic_Area,K04000001,time,Year,2014,CL_0001480,NACE,CI_0000883,CL_0000737,Prodcom Elements,CI_0021516
1481713,,,2011STATH,Geographic_Area,K04000001,time,Year,2014,CL_0001480,NACE,CI_0000883,CL_0000737,Prodcom Elements,CI_0021517
591156,,,2011STATH,Geographic_Area,K04000001,time,Year,2014,CL_0001480,NACE,CI_0000884,CL_0000737,Prodcom Elements,CI_0021509
58903,,,2011STATH,Geographic_Area,K04000001,time,Year,2014,CL_0001480,NACE,CI_0000884,CL_0000737,Prodcom Elements,CI_0021510
650059,,,2011STATH,Geographic_Area,K04000001,time,Year,2014,CL_0001480,NACE,CI_0000884,CL_0000737,Prodcom Elements,CI_0021511
-287528,,,2011STATH,Geographic_Area,K04000001,time,Year,2014,CL_0001480,NACE,CI_0000884,CL_0000737,Prodcom Elements,CI_0021516
2592036,,,2011STATH,Geographic_Area,K04000001,time,Year,2014,CL_0001480,NACE,CI_0008288,CL_0000737,Prodcom Elements,CI_0021509
573091,,,2011STATH,Geographic_Area,K04000001,time,Year,2014,CL_0001480,NACE,CI_0008288,CL_0000737,Prodcom Elements,CI_0021510
3165127,,,2011STATH,Geographic_Area,K04000001,time,Year,2014,CL_0001480,NACE,CI_0008288,CL_0000737,Prodcom Elements,CI_0021511
744556,,,2011STATH,Geographic_Area,K04000001,time,Year,2014,CL_0001480,NACE,CI_0008288,CL_0000737,Prodcom Elements,CI_0021512
7061,,,2011STATH,Geographic_Area,K04000001,time,Year,2014,CL_0001480,NACE,CI_0008288,CL_0000737,Prodcom Elements,CI_0021513
781,,,2011STATH,Geographic_Area,K04000001,time,Year,2014,CL_0001480,NACE,CI_0008288,CL_0000737,Prodcom Elements,CI_0021514
18725,,,2011STATH,Geographic_Area,K04000001,time,Year,2014,CL_0001480,NACE,CI_0008288,CL_0000737,Prodcom Elements,CI_0021515
238497,,,2011STATH,Geographic_Area,K04000001,time,Year,2014,CL_0001480,NACE,CI_0008288,CL_0000737,Prodcom Elements,CI_0021516
4174747,,,2011STATH,Geographic_Area,K04000001,time,Year,2014,CL_0001480,NACE,CI_0008288,CL_0000737,Prodcom Elements,CI_0021517
536605,,,2011STATH,Geographic_Area,K04000001,time,Year,2014,CL_0001480,NACE,CI_0000826,CL_0000737,Prodcom Elements,CI_0021509
529244,,,2011STATH,Geographic_Area,K04000001,time,Year,2014,CL_0001480,NACE,CI_0000826,CL_0000737,Prodcom Elements,CI_0021510
1065848,,,2011STATH,Geographic_Area,K04000001,time,Year,2014,CL_0001480,NACE,CI_0000826,CL_0000737,Prodcom Elements,CI_0021511
10362,,,2011STATH,Geographic_Area,K04000001,time,Year,2014,CL_0001480,NACE,CI_0000826,CL_0000737,Prodcom Elements,CI_0021512
61224,,,2011STATH,Geographic_Area,K04000001,time,Year,2014,CL_0001480,NACE,CI_0000826,CL_0000737,Prodcom Elements,CI_0021513
-585967,,,2011STATH,Geographic_Area,K04000001,time,Year,2014,CL_0001480,NACE,CI_0000826,CL_0000737,Prodcom Elements,CI_0021516
560548,,,2011STATH,Geographic_Area,K04000001,time,Year,2014,CL_0001480,NACE,CI_0000826,CL_0000737,Prodcom Elements,CI_0021517
161559,,,2011STATH,Geographic_Area,K04000001,time,Year,2014,CL_0001480,NACE,CI_0008352,CL_0000737,Prodcom Elements,CI_0021509
0,,,2011STATH,Geographic_Area,K04000001,time,Year,2014,CL_0001480,NACE,CI_0008352,CL_0000737,Prodcom Elements,CI_0021513
10,,,2011STATH,Geographic_Area,K04000001,time,Year,2014,CL_0001480,NACE,CI_0008352,CL_0000737,Prodcom Elements,CI_0021515
-319851,,,2011STATH,Geographic_Area,K04000001,time,Year,2014,CL_0001480,NACE,CI_0008352,CL_0000737,Prodcom Elements,CI_0021516
7759866,,,2011STATH,Geographic_Area,K04000001,time,Year,2014,CL_0001480,NACE,CI_0008355,CL_0000737,Prodcom Elements,CI_0021509
169155,,,2011STATH,Geographic_Area,K04000001,time,Year,2014,CL_0001480,NACE,CI_0008355,CL_0000737,Prodcom Elements,CI_0021510
7929021,,,2011STATH,Geographic_Area,K04000001,time,Year,2014,CL_0001480,NACE,CI_0008355,CL_0000737,Prodcom Elements,CI_0021511
1691805,,,2011STATH,Geographic_Area,K04000001,time,Year,2014,CL_0001480,NACE,CI_0008355,CL_0000737,Prodcom Elements,CI_0021512
50487,,,2011STATH,Geographic_Area,K04000001,time,Year,2014,CL_0001480,NACE,CI_0008355,CL_0000737,Prodcom Elements,CI_0021515
674862,,,2011STATH,Geographic_Area,K04000001,time,Year,2014,CL_0001480,NACE,CI_0008355,CL_0000737,Prodcom Elements,CI_0021516
10513949,,,2011STATH,Geographic_Area,K04000001,time,Year,2014,CL_0001480,NACE,CI_0008355,CL_0000737,Prodcom Elements,CI_0021517
681158,,,2011STATH,Geographic_Area,K04000001,time,Year,2014,CL_0001480,NACE,CI_0008385,CL_0000737,Prodcom Elements,CI_0021509
59,,,2011STATH,Geographic_Area,K04000001,time,Year,2014,CL_0001480,NACE,CI_0008385,CL_0000737,Prodcom Elements,CI_0021510
681216,,,2011STATH,Geographic_Area,K04000001,time,Year,2014,CL_0001480,NACE,CI_0008385,CL_0000737,Prodcom Elements,CI_0021511
18977,,,2011STATH,Geographic_Area,K04000001,time,Year,2014,CL_0001480,NACE,CI_0008385,CL_0000737,Prodcom Elements,CI_0021512
1624,,,2011STATH,Geographic_Area,K04000001,time,Year,2014,CL_0001480,NACE,CI_0008385,CL_0000737,Prodcom Elements,CI_0021515
-305216,,,2011STATH,Geographic_Area,K04000001,time,Year,2014,CL_0001480,NACE,CI_0008385,CL_0000737,Prodcom Elements,CI_0021516
396866,,,2011STATH,Geographic_Area,K04000001,time,Year,2014,CL_0001480,NACE,CI_0008385,CL_0000737,Prodcom Elements,CI_0021517
3881036,,,2011STATH,Geographic_Area,K04000001,time,Year,2014,CL_0001480,NACE,CI_0008387,CL_0000737,Prodcom Elements,CI_0021509
146597,,,2011STATH,Geographic_Area,K04000001,time,Year,2014,CL_0001480,NACE,CI_0008387,CL_0000737,Prodcom Elements,CI_0021512
9127,,,2011STATH,Geographic_Area,K04000001,time,Year,2014,CL_0001480,NACE,CI_0008387,CL_0000737,Prodcom Elements,CI_0021514
6640,,,2011STATH,Geographic_Area,K04000001,time,Year,2014,CL_0001480,NACE,CI_0008387,CL_0000737,Prodcom Elements,CI_0021515
-346460,,,2011STATH,Geographic_Area,K04000001,time,Year,2014,CL_0001480,NACE,CI_0008387,CL_0000737,Prodcom Elements,CI_0021516
3777773,,,2011STATH,Geographic_Area,K04000001,time,Year,2014,CL_0001480,NACE,CI_0008387,CL_0000737,Prodcom Elements,CI_0021517
68664,,,2011STATH,Geographic_Area,K04000001,time,Year,2014,CL_0001480,NACE,CI_0008409,CL_0000737,Prodcom Elements,CI_0021509
256625,,,2011STATH,Geographic_Area,K04000001,time,Year,2014,CL_0001480,NACE,CI_0008409,CL_0000737,Prodcom Elements,CI_0021510
325290,,,2011STATH,Geographic_Area,K04000001,time,Year,2014,CL_0001480,NACE,CI_0008409,CL_0000737,Prodcom Elements,CI_0021511
578449,,,2011STATH,Geographic_Area,K04000001,time,Year,2014,CL_0001480,NACE,CI_0008409,CL_0000737,Prodcom Elements,CI_0021516
6270370,,,2011STATH,Geographic_Area,K04000001,time,Year,2014,CL_0001480,NACE,CI_0008425,CL_0000737,Prodcom Elements,CI_0021509
10912,,,2011STATH,Geographic_Area,K04000001,time,Year,2014,CL_0001480,NACE,CI_0008425,CL_0000737,Prodcom Elements,CI_0021510
6281282,,,2011STATH,Geographic_Area,K04000001,time,Year,2014,CL_0001480,NACE,CI_0008425,CL_0000737,Prodcom Elements,CI_0021511
216356,,,2011STATH,Geographic_Area,K04000001,time,Year,2014,CL_0001480,NACE,CI_0008425,CL_0000737,Prodcom Elements,CI_0021512
1079,,,2011STATH,Geographic_Area,K04000001,time,Year,2014,CL_0001480,NACE,CI_0008425,CL_0000737,Prodcom Elements,CI_0021513
4981,,,2011STATH,Geographic_Area,K04000001,time,Year,2014,CL_0001480,NACE,CI_0008425,CL_0000737,Prodcom Elements,CI_0021514
16566,,,2011STATH,Geographic_Area,K04000001,time,Year,2014,CL_0001480,NACE,CI_0008425,CL_0000737,Prodcom Elements,CI_0021515
1020159,,,2011STATH,Geographic_Area,K04000001,time,Year,2014,CL_0001480,NACE,CI_0008425,CL_0000737,Prodcom Elements,CI_0021516
7540423,,,2011STATH,Geographic_Area,K04000001,time,Year,2014,CL_0001480,NACE,CI_0008425,CL_0000737,Prodcom Elements,CI_0021517
3547663,,,2011STATH,Geographic_Area,K04000001,time,Year,2014,CL_0001480,NACE,CI_0008428,CL_0000737,Prodcom Elements,CI_0021509
759307,,,2011STATH,Geographic_Area,K04000001,time,Year,2014,CL_0001480,NACE,CI_0008428,CL_0000737,Prodcom Elements,CI_0021510
4306970,,,2011STATH,Geographic_Area,K04000001,time,Year,2014,CL_0001480,NACE,CI_0008428,CL_0000737,Prodcom Elements,CI_0021511
77243,,,2011STATH,Geographic_Area,K04000001,time,Year,2014,CL_0001480,NACE,CI_0008428,CL_0000737,Prodcom Elements,CI_0021512
0,,,2011STATH,Geographic_Area,K04000001,time,Year,2014,CL_0001480,NACE,CI_0008428,CL_0000737,Prodcom Elements,CI_0021513
2861,,,2011STATH,Geographic_Area,K04000001,time,Year,2014,CL_0001480,NACE,CI_0008428,CL_0000737,Prodcom Elements,CI_0021514
4429,,,2011STATH,Geographic_Area,K04000001,time,Year,2014,CL_0001480,NACE,CI_0008428,CL_0000737,Prodcom Elements,CI_0021515
-693701,,,2011STATH,Geographic_Area,K04000001,time,Year,2014,CL_0001480,NACE,CI_0008428,CL_0000737,Prodcom Elements,CI_0021516
3697802,,,2011STATH,Geographic_Area,K04000001,time,Year,2014,CL_0001480,NACE,CI_0008428,CL_0000737,Prodcom Elements,CI_0021517
31852,,,2011STATH,Geographic_Area,K04000001,time,Year,2014,CL_0001480,NACE,CI_0008441,CL_0000737,Prodcom Elements,CI_0021509
19053,,,2011STATH,Geographic_Area,K04000001,time,Year,2014,CL_0001480,NACE,CI_0008441,CL_0000737,Prodcom Elements,CI_0021512
0,,,2011STATH,Geographic_Area,K04000001,time,Year,2014,CL_0001480,NACE,CI_0008441,CL_0000737,Prodcom Elements,CI_0021513
0,,,2011STATH,Geographic_Area,K04000001,time,Year,2014,CL_0001480,NACE,CI_0008441,CL_0000737,Prodcom Elements,CI_0021514
106859,,,2011STATH,Geographic_Area,K04000001,time,Year,2014,CL_0001480,NACE,CI_0008441,CL_0000737,Prodcom Elements,CI_0021516
159162,,,2011STATH,Geographic_Area,K04000001,time,Year,2014,CL_0001480,NACE,CI_0008441,CL_0000737,Prodcom Elements,CI_0021517
0,,,2011STATH,Geographic_Area,K04000001,time,Year,2014,CL_0001480,NACE,CI_0008445,CL_0000737,Prodcom Elements,CI_0021509
1049265,,,2011STATH,Geographic_Area,K04000001,time,Year,2014,CL_0001480,NACE,CI_0008445,CL_0000737,Prodcom Elements,CI_0021510
1049265,,,2011STATH,Geographic_Area,K04000001,time,Year,2014,CL_0001480,NACE,CI_0008445,CL_0000737,Prodcom Elements,CI_0021511
0,,,2011STATH,Geographic_Area,K04000001,time,Year,2014,CL_0001480,NACE,CI_0008445,CL_0000737,Prodcom Elements,CI_0021513
147213,,,2011STATH,Geographic_Area,K04000001,time,Year,2014,CL_0001480,NACE,CI_0008445,CL_0000737,Prodcom Elements,CI_0021516
2618617,,,2011STATH,Geographic_Area,K04000001,time,Year,2014,CL_0001480,NACE,CI_0008453,CL_0000737,Prodcom Elements,CI_0021509
28998,,,2011STATH,Geographic_Area,K04000001,time,Year,2014,CL_0001480,NACE,CI_0008453,CL_0000737,Prodcom Elements,CI_0021510
2647614,,,2011STATH,Geographic_Area,K04000001,time,Year,2014,CL_0001480,NACE,CI_0008453,CL_0000737,Prodcom Elements,CI_0021511
579841,,,2011STATH,Geographic_Area,K04000001,time,Year,2014,CL_0001480,NACE,CI_0008453,CL_0000737,Prodcom Elements,CI_0021512
17595,,,2011STATH,Geographic_Area,K04000001,time,Year,2014,CL_0001480,NACE,CI_0008453,CL_0000737,Prodcom Elements,CI_0021515
514435,,,2011STATH,Geographic_Area,K04000001,time,Year,2014,CL_0001480,NACE,CI_0008453,CL_0000737,Prodcom Elements,CI_0021516
4004689,,,2011STATH,Geographic_Area,K04000001,time,Year,2014,CL_0001480,NACE,CI_0008453,CL_0000737,Prodcom Elements,CI_0021517
850642,,,2011STATH,Geographic_Area,K04000001,time,Year,2014,CL_0001480,NACE,CI_0008485,CL_0000737,Prodcom Elements,CI_0021509
332605,,,2011STATH,Geographic_Area,K04000001,time,Year,2014,CL_0001480,NACE,CI_0008485,CL_0000737,Prodcom Elements,CI_0021512
473,,,2011STATH,Geographic_Area,K04000001,time,Year,2014,CL_0001480,NACE,CI_0008485,CL_0000737,Prodcom Elements,CI_0021513
79801,,,2011STATH,Geographic_Area,K04000001,time,Year,2014,CL_0001480,NACE,CI_0008485,CL_0000737,Prodcom Elements,CI_0021515
-54969,,,2011STATH,Geographic_Area,K04000001,time,Year,2014,CL_0001480,NACE,CI_0008485,CL_0000737,Prodcom Elements,CI_0021516
1897830,,,2011STATH,Geographic_Area,K04000001,time,Year,2014,CL_0001480,NACE,CI_0008485,CL_0000737,Prodcom Elements,CI_0021517
1951744,,,2011STATH,Geographic_Area,K04000001,time,Year,2014,CL_0001480,NACE,CI_0008494,CL_0000737,Prodcom Elements,CI_0021509
6919,,,2011STATH,Geographic_Area,K04000001,time,Year,2014,CL_0001480,NACE,CI_0008494,CL_0000737,Prodcom Elements,CI_0021510
1958663,,,2011STATH,Geographic_Area,K04000001,time,Year,2014,CL_0001480,NACE,CI_0008494,CL_0000737,Prodcom Elements,CI_0021511
137743,,,2011STATH,Geographic_Area,K04000001,time,Year,2014,CL_0001480,NACE,CI_0008494,CL_0000737,Prodcom Elements,CI_0021512
269,,,2011STATH,Geographic_Area,K04000001,time,Year,2014,CL_0001480,NACE,CI_0008494,CL_0000737,Prodcom Elements,CI_0021515
-577144,,,2011STATH,Geographic_Area,K04000001,time,Year,2014,CL_0001480,NACE,CI_0008494,CL_0000737,Prodcom Elements,CI_0021516
1523320,,,2011STATH,Geographic_Area,K04000001,time,Year,2014,CL_0001480,NACE,CI_0008494,CL_0000737,Prodcom Elements,CI_0021517
3115267,,,2011STATH,Geographic_Area,K04000001,time,Year,2014,CL_0001480,NACE,CI_0008503,CL_0000737,Prodcom Elements,CI_0021509
805,,,2011STATH,Geographic_Area,K04000001,time,Year,2014,CL_0001480,NACE,CI_0008503,CL_0000737,Prodcom Elements,CI_0021510
3116072,,,2011STATH,Geographic_Area,K04000001,time,Year,2014,CL_0001480,NACE,CI_0008503,CL_0000737,Prodcom Elements,CI_0021511
146385,,,2011STATH,Geographic_Area,K04000001,time,Year,2014,CL_0001480,NACE,CI_0008503,CL_0000737,Prodcom Elements,CI_0021512
62,,,2011STATH,Geographic_Area,K04000001,time,Year,2014,CL_0001480,NACE,CI_0008503,CL_0000737,Prodcom Elements,CI_0021513
613,,,2011STATH,Geographic_Area,K04000001,time,Year,2014,CL_0001480,NACE,CI_0008503,CL_0000737,Prodcom Elements,CI_0021514
5238,,,2011STATH,Geographic_Area,K04000001,time,Year,2014,CL_0001480,NACE,CI_0008503,CL_0000737,Prodcom Elements,CI_0021515
170451,,,2011STATH,Geographic_Area,K04000001,time,Year,2014,CL_0001480,NACE,CI_0008503,CL_0000737,Prodcom Elements,CI_0021516
3438821,,,2011STATH,Geographic_Area,K04000001,time,Year,2014,CL_0001480,NACE,CI_0008503,CL_0000737,Prodcom Elements,CI_0021517
0,,,2011STATH,Geographic_Area,K04000001,time,Year,2014,CL_0001480,NACE,CI_0008510,CL_0000737,Prodcom Elements,CI_0021509
17989,,,2011STATH,Geographic_Area,K04000001,time,Year,2014,CL_0001480,NACE,CI_0008510,CL_0000737,Prodcom Elements,CI_0021510
17989,,,2011STATH,Geographic_Area,K04000001,time,Year,2014,CL_0001480,NACE,CI_0008510,CL_0000737,Prodcom Elements,CI_0021511
0,,,2011STATH,Geographic_Area,K04000001,time,Year,2014,CL_0001480,NACE,CI_0008510,CL_0000737,Prodcom Elements,CI_0021513
0,,,2011STATH,Geographic_Area,K04000001,time,Year,2014,CL_0001480,NACE,CI_0008510,CL_0000737,Prodcom Elements,CI_0021515
-10292,,,2011STATH,Geographic_Area,K04000001,time,Year,2014,CL_0001480,NACE,CI_0008510,CL_0000737,Prodcom Elements,CI_0021516
9693,,,2011STATH,Geographic_Area,K04000001,time,Year,2014,CL_0001480,NACE,CI_0008510,CL_0000737,Prodcom Elements,CI_0021517
3547890,,,2011STATH,Geographic_Area,K04000001,time,Year,2014,CL_0001480,NACE,CI_0008516,CL_0000737,Prodcom Elements,CI_0021509
100189,,,2011STATH,Geographic_Area,K04000001,time,Year,2014,CL_0001480,NACE,CI_0008516,CL_0000737,Prodcom Elements,CI_0021510
3648079,,,2011STATH,Geographic_Area,K04000001,time,Year,2014,CL_0001480,NACE,CI_0008516,CL_0000737,Prodcom Elements,CI_0021511
457371,,,2011STATH,Geographic_Area,K04000001,time,Year,2014,CL_0001480,NACE,CI_0008516,CL_0000737,Prodcom Elements,CI_0021512
11835,,,2011STATH,Geographic_Area,K04000001,time,Year,2014,CL_0001480,NACE,CI_0008516,CL_0000737,Prodcom Elements,CI_0021513
5465,,,2011STATH,Geographic_Area,K04000001,time,Year,2014,CL_0001480,NACE,CI_0008516,CL_0000737,Prodcom Elements,CI_0021514
44211,,,2011STATH,Geographic_Area,K04000001,time,Year,2014,CL_0001480,NACE,CI_0008516,CL_0000737,Prodcom Elements,CI_0021515
334386,,,2011STATH,Geographic_Area,K04000001,time,Year,2014,CL_0001480,NACE,CI_0008516,CL_0000737,Prodcom Elements,CI_0021516
4501349,,,2011STATH,Geographic_Area,K04000001,time,Year,2014,CL_0001480,NACE,CI_0008516,CL_0000737,Prodcom Elements,CI_0021517
4105281,,,2011STATH,Geographic_Area,K04000001,time,Year,2014,CL_0001480,NACE,CI_0008530,CL_0000737,Prodcom Elements,CI_0021509
7470,,,2011STATH,Geographic_Area,K04000001,time,Year,2014,CL_0001480,NACE,CI_0008530,CL_0000737,Prodcom Elements,CI_0021510
4112750,,,2011STATH,Geographic_Area,K04000001,time,Year,2014,CL_0001480,NACE,CI_0008530,CL_0000737,Prodcom Elements,CI_0021511
313276,,,2011STATH,Geographic_Area,K04000001,time,Year,2014,CL_0001480,NACE,CI_0008530,CL_0000737,Prodcom Elements,CI_0021512
29542,,,2011STATH,Geographic_Area,K04000001,time,Year,2014,CL_0001480,NACE,CI_0008530,CL_0000737,Prodcom Elements,CI_0021515
-183929,,,2011STATH,Geographic_Area,K04000001,time,Year,2014,CL_0001480,NACE,CI_0008530,CL_0000737,Prodcom Elements,CI_0021516
4286173,,,2011STATH,Geographic_Area,K04000001,time,Year,2014,CL_0001480,NACE,CI_0008530,CL_0000737,Prodcom Elements,CI_0021517
1660008,,,2011STATH,Geographic_Area,K04000001,time,Year,2014,CL_0001480,NACE,CI_0008537,CL_0000737,Prodcom Elements,CI_0021509
2321,,,2011STATH,Geographic_Area,K04000001,time,Year,2014,CL_0001480,NACE,CI_0008537,CL_0000737,Prodcom Elements,CI_0021510
1662329,,,2011STATH,Geographic_Area,K04000001,time,Year,2014,CL_0001480,NACE,CI_0008537,CL_0000737,Prodcom Elements,CI_0021511
321554,,,2011STATH,Geographic_Area,K04000001,time,Year,2014,CL_0001480,NACE,CI_0008537,CL_0000737,Prodcom Elements,CI_0021512
4448,,,2011STATH,Geographic_Area,K04000001,time,Year,2014,CL_0001480,NACE,CI_0008537,CL_0000737,Prodcom Elements,CI_0021515
134927,,,2011STATH,Geographic_Area,K04000001,time,Year,2014,CL_0001480,NACE,CI_0008537,CL_0000737,Prodcom Elements,CI_0021516
2123855,,,2011STATH,Geographic_Area,K04000001,time,Year,2014,CL_0001480,NACE,CI_0008537,CL_0000737,Prodcom Elements,CI_0021517
12928322,,,2011STATH,Geographic_Area,K04000001,time,Year,2014,CL_0001480,NACE,CI_0000100,CL_0000737,Prodcom Elements,CI_0021509
360118,,,2011STATH,Geographic_Area,K04000001,time,Year,2014,CL_0001480,NACE,CI_0000100,CL_0000737,Prodcom Elements,CI_0021510
13288440,,,2011STATH,Geographic_Area,K04000001,time,Year,2014,CL_0001480,NACE,CI_0000100,CL_0000737,Prodcom Elements,CI_0021511
1332221,,,2011STATH,Geographic_Area,K04000001,time,Year,2014,CL_0001480,NACE,CI_0000100,CL_0000737,Prodcom Elements,CI_0021512
219175,,,2011STATH,Geographic_Area,K04000001,time,Year,2014,CL_0001480,NACE,CI_0000100,CL_0000737,Prodcom Elements,CI_0021515
256945,,,2011STATH,Geographic_Area,K04000001,time,Year,2014,CL_0001480,NACE,CI_0000100,CL_0000737,Prodcom Elements,CI_0021516
15261734,,,2011STATH,Geographic_Area,K04000001,time,Year,2014,CL_0001480,NACE,CI_0000100,CL_0000737,Prodcom Elements,CI_0021517
3391413,,,2011STATH,Geographic_Area,K04000001,time,Year,2014,CL_0001480,NACE,CI_0008540,CL_0000737,Prodcom Elements,CI_0021509
111914,,,2011STATH,Geographic_Area,K04000001,time,Year,2014,CL_0001480,NACE,CI_0008540,CL_0000737,Prodcom Elements,CI_0021512
13642,,,2011STATH,Geographic_Area,K04000001,time,Year,2014,CL_0001480,NACE,CI_0008540,CL_0000737,Prodcom Elements,CI_0021513
121279,,,2011STATH,Geographic_Area,K04000001,time,Year,2014,CL_0001480,NACE,CI_0008540,CL_0000737,Prodcom Elements,CI_0021515
207596,,,2011STATH,Geographic_Area,K04000001,time,Year,2014,CL_0001480,NACE,CI_0008540,CL_0000737,Prodcom Elements,CI_0021516
4065091,,,2011STATH,Geographic_Area,K04000001,time,Year,2014,CL_0001480,NACE,CI_0008540,CL_0000737,Prodcom Elements,CI_0021517
43736,,,2011STATH,Geographic_Area,K04000001,time,Year,2014,CL_0001480,NACE,CI_0008549,CL_0000737,Prodcom Elements,CI_0021509
583,,,2011STATH,Geographic_Area,K04000001,time,Year,2014,CL_0001480,NACE,CI_0008549,CL_0000737,Prodcom Elements,CI_0021513
6,,,2011STATH,Geographic_Area,K04000001,time,Year,2014,CL_0001480,NACE,CI_0008549,CL_0000737,Prodcom Elements,CI_0021514
-1540,,,2011STATH,Geographic_Area,K04000001,time,Year,2014,CL_0001480,NACE,CI_0008549,CL_0000737,Prodcom Elements,CI_0021516
45655,,,2011STATH,Geographic_Area,K04000001,time,Year,2014,CL_0001480,NACE,CI_0008549,CL_0000737,Prodcom Elements,CI_0021517
859202,,,2011STATH,Geographic_Area,K04000001,time,Year,2014,CL_0001480,NACE,CI_0008558,CL_0000737,Prodcom Elements,CI_0021509
166,,,2011STATH,Geographic_Area,K04000001,time,Year,2014,CL_0001480,NACE,CI_0008558,CL_0000737,Prodcom Elements,CI_0021510
859368,,,2011STATH,Geographic_Area,K04000001,time,Year,2014,CL_0001480,NACE,CI_0008558,CL_0000737,Prodcom Elements,CI_0021511
34044,,,2011STATH,Geographic_Area,K04000001,time,Year,2014,CL_0001480,NACE,CI_0008558,CL_0000737,Prodcom Elements,CI_0021513
2062,,,2011STATH,Geographic_Area,K04000001,time,Year,2014,CL_0001480,NACE,CI_0008558,CL_0000737,Prodcom Elements,CI_0021515
-361115,,,2011STATH,Geographic_Area,K04000001,time,Year,2014,CL_0001480,NACE,CI_0008558,CL_0000737,Prodcom Elements,CI_0021516
558735,,,2011STATH,Geographic_Area,K04000001,time,Year,2014,CL_0001480,NACE,CI_0008558,CL_0000737,Prodcom Elements,CI_0021517
0,,,2011STATH,Geographic_Area,K04000001,time,Year,2014,CL_0001480,NACE,CI_0008560,CL_0000737,Prodcom Elements,CI_0021509
0,,,2011STATH,Geographic_Area,K04000001,time,Year,2014,CL_0001480,NACE,CI_0008560,CL_0000737,Prodcom Elements,CI_0021510
0,,,2011STATH,Geographic_Area,K04000001,time,Year,2014,CL_0001480,NACE,CI_0008560,CL_0000737,Prodcom Elements,CI_0021511
0,,,2011STATH,Geographic_Area,K04000001,time,Year,2014,CL_0001480,NACE,CI_0008560,CL_0000737,Prodcom Elements,CI_0021512
0,,,2011STATH,Geographic_Area,K04000001,time,Year,2014,CL_0001480,NACE,CI_0008560,CL_0000737,Prodcom Elements,CI_0021513
0,,,2011STATH,Geographic_Area,K04000001,time,Year,2014,CL_0001480,NACE,CI_0008560,CL_0000737,Prodcom Elements,CI_0021514
0,,,2011STATH,Geographic_Area,K04000001,time,Year,2014,CL_0001480,NACE,CI_0008560,CL_0000737,Prodcom Elements,CI_0021515
0,,,2011STATH,Geographic_Area,K04000001,time,Year,2014,CL_0001480,NACE,CI_0008560,CL_0000737,Prodcom Elements,CI_0021516
0,,,2011STATH,Geographic_Area,K04000001,time,Year,2014,CL_0001480,NACE,CI_0008560,CL_0000737,Prodcom Elements,CI_0021517
3285923,,,2011STATH,Geographic_Area,K04000001,time,Year,2014,CL_0001480,NACE,CI_0008562,CL_0000737,Prodcom Elements,CI_0021509
251,,,2011STATH,Geographic_Area,K04000001,time,Year,2014,CL_0001480,NACE,CI_0008562,CL_0000737,Prodcom Elements,CI_0021510
3286174,,,2011STATH,Geographic_Area,K04000001,time,Year,2014,CL_0001480,NACE,CI_0008562,CL_0000737,Prodcom Elements,CI_0021511
1009721,,,2011STATH,Geographic_Area,K04000001,time,Year,2014,CL_0001480,NACE,CI_0008562,CL_0000737,Prodcom Elements,CI_0021512
68991,,,2011STATH,Geographic_Area,K04000001,time,Year,2014,CL_0001480,NACE,CI_0008562,CL_0000737,Prodcom Elements,CI_0021513
1388,,,2011STATH,Geographic_Area,K04000001,time,Year,2014,CL_0001480,NACE,CI_0008562,CL_0000737,Prodcom Elements,CI_0021514
82039,,,2011STATH,Geographic_Area,K04000001,time,Year,2014,CL_0001480,NACE,CI_0008562,CL_0000737,Prodcom Elements,CI_0021515
496922,,,2011STATH,Geographic_Area,K04000001,time,Year,2014,CL_0001480,NACE,CI_0008562,CL_0000737,Prodcom Elements,CI_0021516
4945235,,,2011STATH,Geographic_Area,K04000001,time,Year,2014,CL_0001480,NACE,CI_0008562,CL_0000737,Prodcom Elements,CI_0021517
518581,,,2011STATH,Geographic_Area,K04000001,time,Year,2014,CL_0001480,NACE,CI_0008566,CL_0000737,Prodcom Elements,CI_0021509
71236,,,2011STATH,Geographic_Area,K04000001,time,Year,2014,CL_0001480,NACE,CI_0008566,CL_0000737,Prodcom Elements,CI_0021512
15681,,,2011STATH,Geographic_Area,K04000001,time,Year,2014,CL_0001480,NACE,CI_0008566,CL_0000737,Prodcom Elements,CI_0021513
6821,,,2011STATH,Geographic_Area,K04000001,time,Year,2014,CL_0001480,NACE,CI_0008566,CL_0000737,Prodcom Elements,CI_0021514
36960,,,2011STATH,Geographic_Area,K04000001,time,Year,2014,CL_0001480,NACE,CI_0008566,CL_0000737,Prodcom Elements,CI_0021516
651965,,,2011STATH,Geographic_Area,K04000001,time,Year,2014,CL_0001480,NACE,CI_0008566,CL_0000737,Prodcom Elements,CI_0021517
4829466,,,2011STATH,Geographic_Area,K04000001,time,Year,2014,CL_0001480,NACE,CI_0008569,CL_0000737,Prodcom Elements,CI_0021509
112615,,,2011STATH,Geographic_Area,K04000001,time,Year,2014,CL_0001480,NACE,CI_0008569,CL_0000737,Prodcom Elements,CI_0021512
11042,,,2011STATH,Geographic_Area,K04000001,time,Year,2014,CL_0001480,NACE,CI_0008569,CL_0000737,Prodcom Elements,CI_0021515
-121877,,,2011STATH,Geographic_Area,K04000001,time,Year,2014,CL_0001480,NACE,CI_0008569,CL_0000737,Prodcom Elements,CI_0021516
4995052,,,2011STATH,Geographic_Area,K04000001,time,Year,2014,CL_0001480,NACE,CI_0008569,CL_0000737,Prodcom Elements,CI_0021517
0,,,2011STATH,Geographic_Area,K04000001,time,Year,2014,CL_0001480,NACE,CI_0000099,CL_0000737,Prodcom Elements,CI_0021509
1614611,,,2011STATH,Geographic_Area,K04000001,time,Year,2014,CL_0001480,NACE,CI_0000099,CL_0000737,Prodcom Elements,CI_0021510
1614611,,,2011STATH,Geographic_Area,K04000001,time,Year,2014,CL_0001480,NACE,CI_0000099,CL_0000737,Prodcom Elements,CI_0021511
0,,,2011STATH,Geographic_Area,K04000001,time,Year,2014,CL_0001480,NACE,CI_0000099,CL_0000737,Prodcom Elements,CI_0021513
0,,,2011STATH,Geographic_Area,K04000001,time,Year,2014,CL_0001480,NACE,CI_0000099,CL_0000737,Prodcom Elements,CI_0021514
0,,,2011STATH,Geographic_Area,K04000001,time,Year,2014,CL_0001480,NACE,CI_0000099,CL_0000737,Prodcom Elements,CI_0021516
1878909,,,2011STATH,Geographic_Area,K04000001,time,Year,2014,CL_0001480,NACE,CI_0000099,CL_0000737,Prodcom Elements,CI_0021517
0,,,2011STATH,Geographic_Area,K04000001,time,Year,2014,CL_0001480,NACE,CI_0003613,CL_0000737,Prodcom Elements,CI_0021509
1614611,,,2011STATH,Geographic_Area,K04000001,time,Year,2014,CL_0001480,NACE,CI_0003613,CL_0000737,Prodcom Elements,CI_0021510
1614611,,,2011STATH,Geographic_Area,K04000001,time,Year,2014,CL_0001480,NACE,CI_0003613,CL_0000737,Prodcom Elements,CI_0021511
0,,,2011STATH,Geographic_Area,K04000001,time,Year,2014,CL_0001480,NACE,CI_0003613,CL_0000737,Prodcom Elements,CI_0021513
0,,,2011STATH,Geographic_Area,K04000001,time,Year,2014,CL_0001480,NACE,CI_0003613,CL_0000737,Prodcom Elements,CI_0021514
0,,,2011STATH,Geographic_Area,K04000001,time,Year,2014,CL_0001480,NACE,CI_0003613,CL_0000737,Prodcom Elements,CI_0021516
1878909,,,2011STATH,Geographic_Area,K04000001,time,Year,2014,CL_0001480,NACE,CI_0003613,CL_0000737,Prodcom Elements,CI_0021517
3800623,,,2011STATH,Geographic_Area,K04000001,time,Year,2014,CL_0001480,NACE,CI_0000362,CL_0000737,Prodcom Elements,CI_0021509
458409,,,2011STATH,Geographic_Area,K04000001,time,Year,2014,CL_0001480,NACE,CI_0000362,CL_0000737,Prodcom Elements,CI_0021512
111786,,,2011STATH,Geographic_Area,K04000001,time,Year,2014,CL_0001480,NACE,CI_0000362,CL_0000737,Prodcom Elements,CI_0021513
